title,authors,formats,isbn,published_year
Husjomfru,Edvard Hoem,"epub, mobi",9788249523849,2023
Bror din på prærien,Edvard Hoem,"epub, mobi",9788249516353,2024
Land ingen har sett,Edvard Hoem,"epub, mobi",9788249516919,2017
Slåttekar i himmelen,Edvard Hoem,"epub, mobi",9788249514847,2014
The Gallows,gillianeliza,epub,,2024
Green Light,SereneMusafir,epub,,2023
A Second Attempt,orphan_account,epub,,2021
Mormors utrolige venninner,Trude Teige,epub,9788203453212,2024
"Ninth House (Alex Stern, #1)",Leigh Bardugo,,1250313074,2019
"It Starts with Us (It Ends with Us, #2)",Colleen Hoover,,1668001225,2022
The War of Two Queens,Jennifer L. Armentrout,,1952457726,2022
From Blood and Ash,Jennifer L. Armentrout,"azw3, epub",1952457017,2020
A Kingdom of Flesh and Fire,Jennifer L. Armentrout,,1952457106,2020
The ​Crown of Gilded Bones,Jennifer L. Armentrout,,1952457254,2021
"Crooked Kingdom (Six of Crows, #2)",Leigh Bardugo,,,2016
"The Lightning Thief (Percy Jackson and the Olympians, #1)",Rick Riordan,,,2005
Crave,Tracy Wolff,,9781640638952,2022
Crush,Tracy Wolff,,9781682815854,2020
Morfar pustet med havet,Trude Teige,,9788203454875,
"City of Heavenly Fire (The Mortal Instruments, #6)",Cassandra Clare,,1481426303,2014
The Witch Doesn't Burn In This One,Amanda Lovelace,"azw3, epub",9781449489427,2018
Her Vol. 2,Pierre Alex Jeanty,,,2017
Aurora Rising,Amie Kaufman & Jay Kristoff,,9781524720964,2019
The Ex Hex,Erin Sterling,,9781472290274,
"Ruin and Rising (The Shadow and Bone Trilogy, #3)",Leigh Bardugo,,,2014
"A Touch of Darkness (Hades & Persephone, #1)",Scarlett St. Clair,,,2019
Heartless Sky,"Caroline Peckham, Susanne Valenti",,9781916926097,2025
Fated Throne,"Caroline Peckham, Susanne Valenti",,9781916926080,2025
Cursed Fates,"Caroline Peckham, Susanne Valenti",,9798647484109,2020
Shadow Princess,"Caroline Peckham, Susanne Valenti",,9781916926066,2025
The Reckoning,"Caroline Peckham, Susanne Valenti",,9781916926301,2025
Ruthless Fae,"Caroline Peckham, Susanne Valenti",,9781916926295,2025
The Awakening,"Caroline Peckham, Susanne Valenti",,9781916926257,
Sorrow & Starlight,"Caroline Peckham, Susanne Valenti",,9781916926103,2025
"The Assassin's Blade (Throne of Glass, #0.1-0.5)",Sarah J. Maas,,1619632217,2014
"Queen of Shadows (Throne of Glass, #4)",Sarah J. Maas,"azw3, epub",1639731008,2015
An Offer From a Gentleman,Julia Quinn,,9780380815586,2001
"The Viscount Who Loved Me (Bridgertons, #2)",Julia Quinn,,,2000
The Duke and I,Julia Quinn,,9780063142121,
"Romancing Mister Bridgerton (Bridgertons, #4)",Julia Quinn,,349429456,2002
Harry Potter and the Half-Blood Prince,J. K. Rowling,,439784549,2024
Harry Potter and the Deathly Hallows,J. K. Rowling,,545010225,2024
Harry Potter and the Goblet of Fire,J. K. Rowling,"azw3, epub",439139597,2024
Harry Potter and the Prisoner of Azkaban,J. K. Rowling,"azw3, epub",043965548X,2024
"Lucifers kjærlighet (Sagaen om Isfolket, #29)",Margit Sandemo,,8250917995,1986
Stille før stormen,Diana Gabaldon,,8250921380,2023
Demonens Fjell,Margit Sandemo,,9788250921009,1988
Skjulte spor,Diana Gabaldon,,8250920198,2023
Fanget av tiden,Margit Sandemo,,8250920686,2023
Rop av stumme røster,Margit Sandemo,,8250920384,2023
Kvinnen på stranden,Margit Sandemo,,8250919173,2023
Sagaen om Isfolket 35 - Vandring i mørket,Margit Sandemo,,9788251679923,2018
Trolllmåne,Margit Sandemo,,9788250919686,1987
Skrekkens,Margit Sandemo,,9788251679947,2023
Nattens demon,Margit Sandemo,,8250918967,2023
"Fergemannen (Sagaen om Isfolket, #31)",Diana Gabaldon,,8250918479,2022
Hunger,Margit Sandemo,,8250918770,2023
"Utysket (Sagaen om Isfolket, #30)",Margit Sandemo,,8250918215,1986
"Skandalen (Sagaen om Isfolket, #27)",Margit Sandemo,,8250917294,1986
"Is og ild (Sagaen om Isfolket, #28)",Margit Sandemo,,8250917510,1986
"Engel med svarte vinger (Sagaen om Isfolket, #25)",Margit Sandemo,,8250916638,1985
"I jordens dyp (Sagaen om Isfolket, #24)",Margit Sandemo,,8250916344,1985
Sagaen om Isfolket 26 - Huset i Eldafjord,Margit Sandemo,,9788251679831,1985
"Våroffer (Sagaen om Isfolket, #23)",Margit Sandemo,,8250916166,1985
Djevelkløften,Margit Sandemo,,9788250915657,1985
"Ravnens vinger (Sagaen om Isfolket, #20)",Margit Sandemo,,8250915445,2021
"Dragens tenner (Sagaen om Isfolket, #19)",Margit Sandemo,,8250914856,1984
Dødens Hage,Margit Sandemo,,9788250917842,1984
"Bak fasaden (Sagaen om Isfolket, #18)",Margit Sandemo,,8250915100,1984
"Galgeblomsten (Sagaen om Isfolket, #16)",Margit Sandemo,,8250915089,1984
Sagaen om Isfolket 15 - Vinden fra øst,Margit Sandemo,,9788251679725,2018
"Den siste ridder (Sagaen om Isfolket, #14)",Margit Sandemo,,8250915062,2021
Feber i blodet (Sagaen om Isfolket #12),Margit Sandemo,,8250917790,2021
"Satans fotspor (Sagaen om Isfolket, #13)",Margit Sandemo,,8250915054,2021
Sagaen om Isfolket 11 - Blodhevn,Margit Sandemo,,9788251679688,2018
Sagaen om Isfolket 10 - Vinterstorm,Margit Sandemo,,9788251679671,1983
Den ensomme,Margit Sandemo,,8250917766,2021
Bøddelens datter,Margit Sandemo,,8250917669,2021
"Spøkelsesslottet (Sagaen om Isfolket, #7)",Diana Gabaldon,,8250917650,2021
Den onde arven,Margit Sandemo,,8250917731,2021
Dødssynden,Margit Sandemo,,8250917723,2021
Sagaen om Isfolket,Margit Sandemo,,9788251679619,1982
Avgrunnen,Margit Sandemo,,8250917715,2021
"Heksejakten (Sagaen om Isfolket, #2)",Margit Sandemo,,8250917707,2021
"Trollbundet (Sagaen om Isfolket, #1)",Margit Sandemo,,8250911385,2021
A Court of Frost and Starlight,Sarah J. Maas,,1635575621,2022
"A ​Court of Silver Flames (A Court of Thorns and Roses, #4)",Sarah J. Maas,,168119628X,2022
"A Court of Wings and Ruin (A Court of Thorns and Roses, #3)",Sarah J. Maas,,1635575605,2022
"A Court of Mist and Fury (A Court of Thorns and Roses, #2)",Sarah J. Maas,,1635575583,2022
A Court of Thorns and Roses,Sarah J. Maas,,9798885797085,2015
Hidden Bodies,Caroline Kepnes,,9781471192647,
You Love Me,Caroline Kepnes,,9781471191886,
Løgnere,Trude Teige,epub,8203395279,2022
Svik,Trude Teige,epub,9788203352614,2012
Jenta som sluttet å snakke,Trude Teige,,8203357660,2014
Pasienten,Trude Teige,,8203362400,2017
Noen vet,Trude Teige,epub,8252573169,2009
Aldri tilgi,Trude Teige,,8203364799,
En hjelpende hånd,Trude Teige,epub,8203198139,2010
A Dance With Dragons,George R.R. Martin,,9780553385953,2020
"The Subtle Knife (His Dark Materials, #2)",Philip Pullman,,,1997
"The Amber Spyglass (His Dark Materials, #3)",Philip Pullman,,440238153,2000
"The Golden Compass (His Dark Materials, #1)",Philip Pullman,,679879242,1995
Go Tell the Bees That I Am Gone,Diana Gabaldon,,385685548,2023
An Echo in the Bone,Diana Gabaldon,,752898477,2023
A Breath of Snow and Ashes,Diana Gabaldon,,385340397,2006
"Drums of Autumn (Outlander, #4)",Diana Gabaldon,,525618732,2020
"The Fiery Cross (Outlander, #5)",Diana Gabaldon,,440221668,2020
"Voyager (Outlander, #3)",Diana Gabaldon,,385335997,1993
"Outlander (Outlander, #1)",Diana Gabaldon,,440242940,2019
Written In My Own Heart's Blood,Diana Gabaldon,,385344430,2023
"Dragonfly in Amber (Outlander, #2)",Diana Gabaldon,,,2019
If You Tell,Gregg Olsen,"azw3, epub",1542005248,2019
Slaveskipet Fredensborg: Og Den Dansk-Norske Slavehandel På 1700-Tallet,Leif Svalesen,,9788202154813,1996
Det Vi Ikke Sa,"Ahlam Khalil, Hanne Aardal, Isabel Raad",,9781520532646,2017
The Phoenix Crown,"Kate Quinn,Janie Chang",,9780063304734,2024
The Diamond Eye,Kate Quinn,,62943510,2024
The Huntress,Kate Quinn,,,2019
The Alice Network,Kate Quinn,,,2017
The Queen’s Gambit,Tevis Walter,,1400030609,2024
The Rose Code,Kate Quinn,,62943472,2024
Pulskuren,Torkil Fære,,9788202750732,2024
Beyond the Wand: The Magic & Mayhem of Growing Up a Wizard,Tom Felton,,1538741369,2022
Atomic Habits: An Easy & Proven Way to Build Good Habits & Break Bad Ones,James Clear,,9780735211292,2018
Abida Raja: Frihetens Øyeblikk,"Abida Raja, Håkon F. Høydal",,9788272017261,2022
I'm Glad My Mom Died,Jennette McCurdy,,,2022
November 9,Colleen Hoover,,1501110349,2015
Skammerens datter,Lene Kaaberbøl,,9788755333147,2004
Min Skyld - en Historie Om Frigjøring,Abida Raja,,9788202713461,2022
The Christie Affair,Nina de Gramont,,9781529054200,2022
Herrene sendte oss hit: om tvangsflyttingen av samene,Elin Anna Labba,,9788253043371,2022
"Secrets for the Mad: Obsessions, Confessions and Life Lessons",Dodie Clark,,9781785036804,
Her,Pierre Alex Jeanty,"azw3, epub",9780997426588,2017
All The Things I Never Said,Mae Krell,"azw3, epub",9781493733583,2015
Broken Wishbones and Empty Spaces,Pyrokardia,"azw3, epub",9781539668152,2017
"Egghead: Or, You Can't Survive on Ideas Alone",Bo Burnham,"azw3, epub",9781455519125,2013
Forbilde,Sophie Elise Isachsen,,8202511674,2016
Hver Gang Du Forlater Meg,Linnéa Myrhe,,9788210055072,2024
milk and honey,Rupi Kaur,"azw3, epub",1502784270,2014
Whiskey Words & a Shovel I,r.h. Sin,"azw3, epub",9781449488062,2017
"It Ends with Us (It Ends with Us, #1)",Colleen Hoover,,,2016
The Seven Husbands of Evelyn Hugo,Taylor Jenkins Reid,,1501139231,2017
Men du ser ikke syk ut,Ragnhild Holmås,,9788202617837,2020
Punk 57,Penlope Douglas,"azw3, epub",9781543644548,2016
The Song of Achilles,Madeline Miller,,,2011
Omgitt av idioter,Thomas Erikson,,820550945X,2014
Tante Ulrikkes vei,Zeshan Shakar,epub,8205509352,2017
Educated,Zip Reads,,9781794278714,2019
To søstre,Åsne Seierstad,epub,9788248918233,2016
Elsk meg,Sophie Elise Isachsen,epub,9788202559076,2018
Hvorfor stemmer russerne på Putin?,Bernhard L. Mohr,,9788202514259,2020
Den største forbrytelsen,Marte Michelet,,9788205470439,
"Meg, Meg, Meg",Linnéa Myrhe,,9788210057281,2018
Normal People,Perfection Learning Corporation,,9781663607645,2019
Størst av alt,Malin Persson Giolito,epub,9788252587470,2016
Norse Mythology,Neil Geiman,,9781663606242,2019
Big Little Lies,Liane Moriarty,"azw3, epub",399587195,2014
Shirog: jenta jeg en gang var,"Isabel Raad, Kjersti Kvam",,9788242962195,
Unorthodox: The Scandalous Rejection of My Hasidic Roots,Deborah Feldman,"azw3, epub",,2012
Bokhandleren I Kabul,Åsene Seierstad,epub,9788202220822,2002
How Democracies Die,Steven Levitsky & Daniel Ziblatt,,9781524762933,
Sjarmen Med Tarmen,Guila Enders,,9788202597658,2014
Frisk Nok - Håndbok I Immunforsvar,Anne Sparkland,,9788243013766,2021
The Four Winds,Kristin Hannah,,9781250178619,2024
Bride,Ali Hazelwood,,593641035,2024
The Briar Club,Kate Quinn,,63244748,2024
Before We Were Yours,Lisa Wingate,,9781432877583,
Yang Tertinggal Darinya (Reminders of Him),Colleen Hoover,"azw3, epub",9786020677835,2024
Why We Sleep,Matthew Walker,,9781501144318,2017
Wild Is the Witch,Rachel Griffin,,9781728268859,2022
Where the Crawdads Sing,Delia Owens,,9780735219113,
Once There Were Wolves,Charlotte McConaghy,,9781250244154,
Hour of the Witch,Chris Bohjalian,,9780385542432,
Yello Wife,Sadeqa Johnson,,,2021
Kongen forteller,"Harald Stanghelle, Harald V",,9788248927228,
She Who Became the Sun,Shelley Parker-Chan,,9781250621795,
Clarity & Connection,Yung Pueblo,,9781524860486,
shine your icy crown,Amanda Lovelace,,,
I Hope This Finds You Well: Poems,Kate Baer,,9781398706781,
The Comfort Book,Matt Haig,,9780143136668,
Apples Never Fall,Liane Moriarty,,1250220254,2021
The Paper Palace,Miranda Cowley Heller,,9780241470718,
The Reading List,Sara Nisha Adams,,9780063025301,
The Hating Game,Sally Thorne,,9780349414249,
Reputation,Lex Croucher,,9781250832849,
The Midnight Library,Matt Haig,,9780525559481,
"Everything, Everything",Nicola Yoon,,9780553496673,
The Girls I've Been,Tess Sharpe,"azw3, epub",9780593353806,2021
The Subtle Art of Not Giving a Fck: A Counterintuitive Approach to Living a Good Life,Mark Manson,,,2016
Home Body,Rupi Kaur,,1982172452,2020
Klara and the Sun,Kazuo Ishiguro,,059331817X,2021
The Kindest Lie,Nancy Johnson,,9780063005655,
The Unexpected Joy of the Ordinary,Catherine Gray,,9781783253647,
Who Killed My Father,Édouard Louis,,9780811228503,
We Were Liars,E. Lockhart,,9781471403989,
"Red, White & Royal Blue",Casey McQuiston,,9781035007417,
They Both Die at the End,Adam Silvera,,9780062457806,
Talking to Strangers: What We Should Know About the People We Don't Know,Malcolm Gladwell,,316478520,2019
The Switch,Beth O'Leary,,9781787475014,
The Life-Changing Magic of Tidying Up,Marie Kondo,,,
The Tipping Point,Malcolm Gladwell,,9780316346627,
All Adults Here,Emma Straub,,9781594634697,
We Should All Be Feminists,Chimamanda Ngozi Adichie,,9780008115272,
Born a Crime: Stories From a South African Childhood,Trevor Noah,,9780399588181,
"My Sister, the Serial Killer",Oyinkan Braithwaite,,9781786495983,
Paris Never Leaves You,Ellen Feldman,,1250622778,2020
Anxious People,Fredrik Backman,,198216963X,2019
Because You’re Mine,Claire Contreras,,,2018
The Unexpected Joy of Being Single,Catherine Gray,,9781783253135,
The Handmaid's Tale,Margaret Atwood,"azw3, epub",9780099740919,1985
Children of Dune,Frank Herbert,"azw3, epub",1440630518,1976
"Short Stories From Hogwarts of Power, Politics and Pesky Poltergeists",J. K. Rowling,"azw3, epub",9781781106297,2016
"Iron Flame (The Empyrean, #2)",Rebecca Yarros,"azw3, epub",1649374178,2023
Mirage,Somaiya Daud,,9781250126429,2018
Her Body and Other Parties: Stories,Carmen Maria Machado,,155597788X,2017
"Fall of Giants (The Century Trilogy, #1)",Ken Follett,"azw3, epub",525951652,2010
The Pillars of the Earth,Ken Follett,,9780451222138,1989
"Crazy Rich Asians (Crazy Rich Asians, #1)",Kevin Kwan,,385536976,2013
An American Marriage,Tayari Jones,,9781616201340,2018
The Unraveling of Luna Forester,Marisa Noelle,,9781916893221,2021
"The Inheritance Games (The Inheritance Games, #1)",Jennifer Lynn Barnes,"azw3, epub",1368052401,2020
"The Priory of the Orange Tree (The Roots of Chaos, #1)",Samantha Shannon,,1408883457,2019
"A Darker Shade of Magic (Shades of Magic, #1)",Victoria E. Schwab,,765376458,2015
Beach Read,Emily Henry,,,2020
People We Meet on Vacation,Emily Henry,,1984806750,2021
It Started With a Book,Camilla Isley,,1837519846,2024
Accepting Agatha,Victoria Blue,,9781642633986,2024
House of Hollow,Krystal Sutherland,,059311034X,2021
The Iliad,Homer,"azw3, epub",140275363,
Macbeth,William Shakespeare,,998809101,
"The Raven King (All for the Game, #2)",Nora Sakavic,,1301824291,2013
People Like Us,Dana Mele,,1524741701,2018
The Scarlet Letter: (Penguin Classics Deluxe Edition),Nathaniel Hawthorne,"azw3, epub",9781101109021,2009
Wilder Girls,Rory Power,,9780525645580,2019
The Raven and Other Poems,Edgar Allan Poe,,439224063,1845
"These Violent Delights (These Violent Delights, #1)",Chloe Gong,,1534457690,2020
To Kill a Mockingbird (Pulitzer Prize Winner),Harper Lee,,9780060935467,2005
The Odyssey,Homer,,143039954,
"The Shadow of the Wind (The Cemetery of Forgotten Books, #1)",Carlos Ruiz Zafón,,,2001
Ace of Spades,Faridah Àbíké-Íyímídé,,9781474967532,2021
A Discovery of Witches,Deborah Harkness,,670022411,2011
The Bell Jar,Sylvia Plath,,553143840,1963
The Historian,Elizabeth Kostova,,,2005
"Miss Peregrine's Home for Peculiar Children (Miss Peregrine's Peculiar Children, #1)",Ransom Riggs,,,2011
Wuthering Heights,Emily Brontë,"azw3, epub",9781542047654,1847
Atlas Six,Olivie Blake,,9781250854544,2022
Dead Poets Society,N.H. Kleinbaum,,553282980,1988
"The Raven Boys (The Raven Cycle, #1)",Maggie Stiefvater,"azw3, epub",545424925,2012
The Love Hypothesis,Ali Hazelwood,"azw3, epub",1408725754,2021
"The Girl With the Dragon Tattoo (Millennium, #1)",Stieg Larsson,,670069019,2005
The Thursday Murder Club,Richard Osman,,9781984880987,2020
"The Hypnotist (Joona Linna, #1)",Lars Kepler,,374173958,2009
Restless Stars,Caroline Peckham & Susanne Valenti,,9781916926172,2024
Sorrow and Starlight,Caroline Peckham & Susanne Valenti,,9781914425592,2022
Heartless Sky,Caroline Peckham & Susanne Valenti,"azw3, epub",9781916926097,2025
Shadow Princess,Caroline Peckham & Susanne Valenti,,9781916926066,2021
Cursed Fates,Caroline Peckham & Valenti,,9781914425073,2021
The Reckoning,Peckham & Caroline Peckham & Susanne Valenti,,9781916926301,2025
Ruthless Fae,Caroline Peckham & Susanne Valenti,,9781916926295,2025
"A Good Girl's Guide to Murder (A Good Girl's Guide to Murder, #1)",Holly Jackson,,1405293187,2019
How to Kill Your Family,Bella Mackie,,,2021
"The House in the Cerulean Sea (Cerulean Chronicles, #1)",T.J. Klune,,,2020
Energityvene,Torkil Berge & Lars Dehli & Elin Fjerstad,,9788203294808,2014
Chicks o'hoi,A. N. P.,epub,9788248919667,2017
I Am Malala: The Story of the Girl Who Stood Up for Education and Was Shot by the Taliban,Malala Yousafzai,,316322407,2012
Shirog: jenta jeg en gang var,Isabel Raad,epub,9788242962195,2018
"Me Before You (Me Before You, #1)",Jojo Moyes,"azw3, epub",,2012
"Skrekkens by (Sagaen Om Isfolket, #37)",Margit Sandemo,,8250919920,1987
Trollmåne,Margit Sandemo,,9788250919686,1987
Vandring I Mørket,Margit Sandemo,,9788250919419,1987
"Huset I Eldafjord (Sagaen Om Isfolket, #26)",Margit Sandemo,,8250916891,1985
Dødens Have,Margit Sandemo,,9788250917842,1984
Vinden Fra Øst,Margit Sandemo,,8250915070,1984
Blodhevn,Margit Sandemo,,8250915038,1983
Vinterstorm,Margit Sandemo,,8250915011,1983
Lengsel,Margit Sandemo,,9788250917682,1982
Haunting Adeline,H. D. Carlton,,9781957635101,2021
The Wide Window,Lemony Snicket & Michael Kupperman,,9780064407687,2000
"The Reptile Room (A Series of Unfortunate Events, #2)",Lemony Snicket,,,1999
The Bad Beginning,Lemony Snicket,,9780439227582,1999
Of Mice and Men,John Steinbeck,,142000671,1937
"Steelheart (The Reckoners, #1)",Brandon Sanderson,,385743564,2013
"Midnight Sun (The Twilight Saga, #5)",Stephenie Meyer,,031670704X,2020
Breaking Dawn,Stephenie Meyer,,9780316067928,2008
"The Short Second Life of Bree Tanner (The Twilight Saga, #3.5)",Stephenie Meyer,,031612558X,2009
Eclipse,Stephenie Meyer,,9780316160209,2007
"New Moon (The Twilight Saga, #2)",Stephenie Meyer,,,2006
Twilight,Stephenie Meyer,,9780316015844,2005
Never Let Me Go,Kazuo Ishiguro,,,2005
"Fire & Blood (A Targaryen History, #1)",George R.R. Martin,,152479628X,2018
The Winds of Winter,George R. R. Martin,,9780002247412,
"A Feast for Crows (A Song of Ice and Fire, #4)",George R.R. Martin,"azw3, epub",055358202X,2005
"A Storm of Swords (A Song of Ice and Fire, #3)",George R.R. Martin,"azw3, epub",055357342X,2000
A Clash of Kings,George R. R. Martin,,9780553381696,1998
"A Game of Thrones (A Song of Ice and Fire, #1)",George R.R. Martin,"azw3, epub",553588486,1996
Uglies,Scott Westerfeld,,9781665940658,2005
Yellowface,R. F. Kuang,,9780008532772,2023
Da Vi Var Yngre,Oliver Lovrenski,,8203450113,2023
The Theory of Everything: The Origin and Fate of the Universe,Stephen Hawking,,641587716,2002
Book Lovers,Emily Henry,,9780593334843,2022
The Letters of Vincent Van Gogh,Vincent van Gogh,,140446745,1914
The Catcher in the Rye,J.D. Salinger,,316769177,1951
The Year of Magical Thinking,Joan Didion,,9781400078431,2005
These Violent Delights,Micah Nemerever,,62963635,2020
Homo Deus: A History of Tomorrow,Yuval Noah Harari,,,2015
Sense and Sensibility,Jane Austen,,9781912714049,1811
"The Silence of the Girls: A Retelling of the Classic Greek Myth, Troy, From the Booker Prize-Winning Author of Regeneration",Pat Barker,,9780241983218,2018
Anna Karenina,Leo Tolstoy,,,1878
The Fellowship of the Ring,J. R. R. Tolkien,,9780547928210,1954
"The Hobbit, or There and Back Again (The Lord of the Rings, #0)",J.R.R. Tolkien,,,1937
Norwegian Wood,Haruki Murakami,,375704027,1987
Cleopatra and Frankenstein,Coco Mellors,,1635576814,2022
"The Tattooist of Auschwitz (The Tattooist of Auschwitz, #1)",Heather Morris,,006287067X,2018
Malibu Rising,Taylor Jenkins Reid,,1524798657,2021
Lolita,Vladimir Nabokov,,9780141193670,1955
"Beautiful World, Where Are You",Sally Rooney,,571365442,2021
Conversations With Friends,Sally Rooney,,9780451499073,2017
De Kaller Meg Ulven,Zeshan Shakar,,8205566380,2022
Gul Bok,Zeshan Shakar,,8205538212,2020
The Metamorphosis,Franz Kafka,"azw3, epub",,1915
The Picture of Dorian Gray,Oscar Wilde,"azw3, epub",,1890
Pride and Prejudice,Jane Austen,"azw3, epub",9781503290563,1813
The Diary of a Young Girl,Anne Frank,,9780385480338,1952
Sapiens: A Brief History of Humankind,Yuval Noah Harari,,9780062316110,2018
Charlie and the Great Glass Elevator,Roald Dahl & Quentin Blake,,9780142404126,1972
Charlie and the Chocolate Factory,Roald Dahl,,9780142410318,1964
Crime and Punishment,Fyodor Dostoevsky,"azw3, epub, mobi",,1866
The Alchemist,Paulo Coelho,,9780062315007,1993
My Dark Vanessa,Kate Elizabeth Russell,,006294150X,2020
The Great Gatsby,F. Scott Fitzgerald,,9781847492586,1925
Nineteen Eighty Four,George Orwell,,9780141036144,2008
The Goldfinch,Donna Tartt,,316055425,2013
Animal Farm,George Orwell,,451526341,1945
My Year of Rest and Relaxation,Ottessa Moshfegh,,525522131,2018
The Curious Case of Benjamin Button,F. Scott Fitzgerald,,9781416556053,1922
The Trial,Franz Kafka,,805209999,1925
The Tailor,Leigh Bardugo,,,2013
Demon in the Wood,Leigh Bardugo & Dani Pendergast,,9781250624642,2022
"Rule of Wolves (King of Scars, #2)",Leigh Bardugo,"azw3, epub",1510109188,2021
"King of Scars (King of Scars, #1)",Leigh Bardugo,"azw3, epub",125014227X,2019
Six of Crows,Leigh Bardugo,,9781250076960,2015
"The Book That Wouldn’t Burn (The Library Trilogy, #1)",Mark Lawrence,,593437918,2023
"The Right Thing to Do (Rights and Wrongs, #1)",LovesBitca8,,,
Draco Malfoy and the Mortifying Ordeal of Being in Love,isthisselfcare,,,2021
"The Book of Azrael (Gods and Monsters, #1)",Amber V. Nicole,,,2022
"Eragon (The Inheritance Cycle, #1)",Christopher Paolini,,375826696,2002
Murder on the Orient Express,Agatha Christie,,9780007119318,1934
Elektra,Jennifer Saint,,125077361X,2022
"The Red Pyramid (The Kane Chronicles, #1)",Rick Riordan,,1423113381,2010
Wrath of the Triple Goddess,Rick Riordan,,9781368113946,2024
"The Chalice of the Gods (Percy Jackson and the Olympians, #6)",Rick Riordan,,1368098177,2023
The Last Olympian,Rick Riordan,,9781423101475,2008
The Battle of the Labyrinth,Rick Riordan,,9781423101499,2008
Percy Jackson and the Titan's Curse,Rick Riordan,,9780141919133,2008
The Sea of Monsters,Rick Riordan,,9780120000319,2006
"Shatter Me (Shatter Me, #1)",Tahereh Mafi,,62085506,2011
"Serpent & Dove (Serpent & Dove, #1)",Shelby Mahurin,,,2019
A Shadow in the Ember,Jennifer L. Armentrout,,9781952457494,2021
A Soul of Ash and Blood,Jennifer L. Armentrout,"azw3, epub",1957568461,2023
Harry Potter and the Cursed Child - Parts One and Two: The Official Playscript of the Original West End Production,J. K. Rowling & Jack Thorne & John Tiffany,,9781781105528,2017
Kvitleik,Jon Fosse,,9788234009815,2023
The Creative Act: A Way of Being,Rick Rubin,,9780593652886,2023
The Pumpkin Spice Café,Laurie Gilmore,,9780008759827,2023
James: A Novel,Percival Everett,,9780385550376,2024
The Virgin Suicides,Jeffrey Eugenides,,9780747560593,1993
The Boyfriend,Freida McFadden,,1728296226,2024
City of Lost Souls,Cassandra Clare,,9781442416864,2012
City of Fallen Angels,Cassandra Clare,,9781442403543,2010
City of Ashes,Cassandra Clare,,9781416914297,2008
City of Glass,Cassandra Clare,,9781416914303,2009
City of Bones,Cassandra Clare,,9781416914280,2007
The Book Thief,Markus Zusak,mobi,,2005
All the Bright Places,Jennifer Niven,,9780385755900,2015
Vicious,V. E. Schwab,,9781250183507,2013
A Thousand Splendid Suns,Khaled Hosseini,,1594489505,2007
The Kite Runner,Khaled Hosseini,,,2003
Finlay Donovan Is Killing It,Elle Cosimano,,9781250241702,2021
What My Bones Know: A Memoir of Healing From Complex Trauma,Stephanie Foo,,9780593238103,2022
Full Spredning,Nina Lykke,,824952151X,2019
Mors og fars historie,Edvard Hoem,,9788249505142,2007
What I Talk About When I Talk About Running,Haruki Murakami,,9781448103737,2007
Sjur Gabriel (Hellemyrsfolket #1),Amalie Skram,,,1887
Karens Jul,Amalie Skram,,8283191357,1885
The Old Man and the Sea,Ernest Hemingway,,684830493,1952
Hva Hun Klager Over Når Hun Klager Over Husarbeidet,Heidi Linde,,8205539294,2020
Femten År. Den Revolusjonære Våren,Vigdis Hjorth,,9788202762735,2022
Er mor død,Vigdis Hjorth,,9788202671822,2020
Arv og miljø,Vigdis Hjorth,,9788202512736,2016
Gjentakelsen,Vigdis Hjorth,,9788202801328,2023
En moderne familie,Helga Flatland,,9788203362361,2017
"Min Kamp 1 (Min Kamp, #1)",Karl Ove Knausgård,,8252574580,2009
"Bienes Historie (Klimakvartetten, #1)",Maja Lunde,epub,8203359353,2015
Fuglane,Tarjei Vesaas,,8205367078,1957
Liv andre har levd,Edvard Hoem,"epub, mobi",9788249518883,2017
"Hekneveven (Hekne, #2)",Lars Mytting,,8205539057,2020
Skråpånatta,Lars Mytting,,8205569797,2023
"Poverty, by America",Matthew Desmond,,9780593239919,2023
The Radium Girls: The Dark Story of America’s Shining Women,Kate Moore,,149264935X,2016
"The Testaments (The Handmaid's Tale, #2)",Margaret Atwood,"azw3, epub",,2019
None of This Is True,Lisa Jewell,,1982179007,2023
How to Keep House While Drowning,Kc Davis Lpc,,9781668002858,2022
Outlive: The Science & Art of Longevity,Peter Attia & Bill Gifford,,9780593236598,2023
"The Body Keeps the Score: Brain, Mind, and Body in the Healing of Trauma",Bessel van der Kolk,,670785938,2014
Cultish: The Language of Fanaticism,Amanda Montell,,62993151,2021
The Psychology of Money,Morgan Housel,,857197681,2020
The Hundred Years' War on Palestine,Rashid Khalidi,,1250787653,2020
Maybe You Should Talk to Someone,Lori Gottlieb,,1328662055,2019
Educated,Tara Westover,,,2018
Crying in H Mart,Michelle Zauner,,9780525657743,2021
The Cruel Prince,Holly Black,,9780316310284,2018
"Icebreaker (UCMH, #1)",Hannah Grace,,,2022
Mexican Gothic,Silvia Moreno-Garcia,,,2020
I Who Have Never Known Men,Jacqueline Harpman,,152911179X,1995
This Is How You Lose the Time War,Amal El-Mohtar & Max Gladstone,,9781534430990,2019
Manacled,SenLinYu,,,2000
Circe,Madeline Miller,,316556343,2018
Babel,R. F. Kuang,,9780063021426,2022
Bright Young Women,Jessica Knoll,,1501153226,2023
Rock Paper Scissors,Alice Feeney,,9781250266101,2021
"The Maid (Molly the Maid, #1)",Nita Prose,,,2022
The Silent Patient,Alex Michaelides,"azw3, epub",1250301696,2019
"The Housemaid (The Housemaid, #1)",Freida McFadden,,1803144378,2022
The Berry Pickers,Amanda Peters,,1646221958,2023
The Covenant of Water,Abraham Verghese,,802162177,2023
Daisy Jones & the Six,Taylor Jenkins Reid,,9781524798628,2019
Lessons in Chemistry,Bonnie Garmus,,9780385549400,2022
Carrie Soto Is Back,Taylor Jenkins Reid,,593158687,2022
Protocols: An Operating Manual for the Human Body,Andrew D. Huberman,,1668032147,
Everything Is Tuberculosis: The History and Persistence of Our Deadliest Infection,John Green,,525556575,2025
Black in Blues: How a Color Tells the Story of My People,Imani Perry,,62977393,2025
The JFK Conspiracy: The Secret Plot to Kill Kennedy―and Why It Failed,Brad Meltzer,,1250790573,2025
"You'll Never Believe Me: A Life of Lies, Second Tries, and Things I Should Only Tell My Therapist",Kari Ferrell,,9781250288226,
Where Shadows Meet,Patrice Caldwell,,9781250815347,2025
They Bloom at Night,Trang Thanh Tran,,1547611111,2025
The Primal of Blood and Bone,Jennifer L. Armentrout,,9781963135411,2025
"The Knight and the Moth (The Stonewater Kingdom, #1)",Rachel Gillig,,356522962,2025
The Starlight Heir,Amalie Howard,,63355841,2025
Out of the Woods,Hannah Bonam-Young,,9780593871867,2025
"Black Woods, Blue Sky",Eowyn Ivey,,593231023,2025
Water Moon,Samantha Sotto Yambao,,9780593724996,2025
This Book Will Bury Me,Ashley Winstead,,1728270006,2025
The Queens of Crime,Marie Benedict,,9781250280756,2025
Beautiful Ugly,Alice Feeney,,9781250337788,2025
The Emperor of Gladness,Ocean Vuong,,059383187X,2025
A Man Called Ove,Fredrik Backman,,9781476738017,2012
My Friends,Fredrik Backman,,9781982112820,2025
The Names,Florence Knapp,,593833902,2025
The Bright Years,Sarah Damoff,,9781668061442,2025
Wild Dark Shore,Charlotte McConaghy,,9781250827951,2025
Dream Count: A Novel,Chimamanda Ngozi Adichie,,9780593802731,2025
Three Days in June,Anne Tyler,,593803485,2025
Good Dirt,Charmaine Wilkerson,,593358368,2025
The Stolen Queen,Fiona Davis,,9780593474273,2025
The Space Between,Diana Gabaldon,,9780553392111,2014
Mockingjay,Suzanne Collins,,9781407132105,2010
Catching Fire,Suzanne Collins,,9781407132099,2009
The Hunger Games,Suzanne Collins,,9780439023528,
The Love Elixir of Augusta Stern,Lynda Cohen Loigman,,1250278104,2024
Behind Every Good Man,Sara Goodman Confino,,9781662517716,2024
There Are Rivers in the Sky,Elif Shafak,,593801717,2024
Anita De Monte Laughs Last,Xóchitl González,,1250786215,2024
The Seventh Veil of Salome,Silvia Moreno-Garcia,,593600266,2024
The Lion Women of Tehran,Marjan Kamali,,1668036584,2024
The Booklover's Library,Madeline Martin,,1335015132,2024
The Cinnamon Bun Book Store,Laurie Gilmore,,9780008641580,2024
An Academy for Liars,Alexis Henderson,,9780593638309,2024
The Familiar,Leigh Bardugo,,9781250884251,2024
Women in the Valley of the Kings: The Untold Story of Women Egyptologists in the Gilded Age,Kathleen Sheppard,,9781250284358,2024
Nexus: A Brief History of Information Networks From the Stone Age to AI,Yuval Noah Harari,"azw3, epub",059373422X,2024
The Bookshop: A History of the American Bookstore,Evan Friss,,9780593299920,2024
All in Her Head: The Truth and Lies Early Medicine Taught Us About Women's Bodies and Why It Matters Today,Elizabeth Comen,,9780063293014,2024
Margo's Got Money Troubles,Rufi Thorpe,,63356589,2024
Good Material,Dolly Alderton,,9780241523674,2023
Here One Moment,Liane Moriarty,,593798600,2024
Blue Sisters,Coco Mellors,,593723767,2024
The Wedding People,Alison Espach,,9781399622752,2024
Husbands & Lovers,Beatriz Williams,,593724224,2024
By Any Other Name,Jodi Picoult,,059349721X,2024
The Anxious Generation: How the Great Rewiring of Childhood Caused an Epidemic of Mental Illness,Jonathan Haidt,,593655036,2024
The Great Alone,Kristin Hannah,,,2018
Felemakaren,Edvard Hoem,,9788252590647,2020
Jordmor på jorda: huset under Blåhammaren,Edvard Hoem,,9788249519804,2018
Dune Messiah,Frank Herbert,"azw3, epub, original_epub",9780593098233,1969
"Divine Rivals (Letters of Enchantment, #1)",Rebecca Ross,,1250857430,2023
Dead Until Dark,Charlaine Harris,,9780441008537,2001
The Design of Everyday Things,Donald A. Norman,"azw3, epub",,1988
It's Not Hysteria: Everything You Need to Know About Your Reproductive Health (But Were Never Told),Karen Tang,,1250894158,2024
"Goldfinch (The Plated Prisoner, #6)",Raven Kennedy,"azw3, epub",,2024
"Glow (The Plated Prisoner, #4)",Raven Kennedy,"azw3, epub",,2022
"Gleam (The Plated Prisoner, #3)",Raven Kennedy,"azw3, epub",,2021
"Gild (The Plated Prisoner, #1)",Raven Kennedy,"azw3, epub",,2020
"Glint (The Plated Prisoner, #2)",Raven Kennedy,"azw3, epub",,2022
"Gold (The Plated Prisoner, #5)",Raven Kennedy,"azw3, epub",1464224455,2023
Intermezzo,Sally Rooney,"azw3, epub",374602638,2024
The Women,Kristin Hannah,,1250178630,2024
How to Take Smart Notes,Sönke Ahrens,"azw3, epub",9783982438818,2022
The Space Between,Brenna Yovanoff,,9781595143396,2011
"The Nervous System Reset: Heal Trauma, Resolve Chronic Pain, and Regulate Your Emotions With the Power of the Vagus Nerve",Jessica Maguire,,9781538757123,2024
Maskiner som tenker,Inga Strümke,,9788248932505,2023
My Brilliant Friend,Elena Ferrante,,9781609458638,2012
Din Vilje Skje,Anne-Britt Harsem,,9788202771478,2023
Skammens mødre,Anita Østerbø,,9788230350072,2021
ADHD. 7 Veier Til Ny Forståelse,Kristin Leer,,9788202662349,2021
Syklusboka: fra skam til styrke,Mathilde Okkenhaug Pilskog,,9788242977861,2023
"Romancing Mister Bridgerton: Bridgertons, Book 4",Julia Quinn,,,2002
Bridgerton: The Viscount Who Loved Me,Julia Quinn,,,2000
Det glemte århundre,Atle Næss,,9788205573062,2022
The Duke and I: Bridgerton,Julia Quinn,,9780063142121,2021
Everything I Know About Love,Dolly Alderton,,9780062968784,2018
A Little Life,Hanya Yanagihara,"azw3, epub",9780385539265,2024
Frisk nok - håndbok i immunforsvar,Anne Spurkland,,9788243013766,2021
Crying in H Mart: The Number One New York Times Bestseller,Unknown,,,2023
"Å Sette Sammen Bitene: Min Historie Om Vold, Skam Og Reparasjon",Unknown,,,2023
Mengele Zoo,Gert Nygårdshaug,,9788418067808,1989
JEG ER ZLATAN,David Lagercrantz,,9788281691704,2011
Skammens barn: Dokumentarroman,Veslemøy Kjendsli,,9788240300081,1986
Harry Potter og Føniksordenen,J. K. Rowling,,9788202523282,2003
Sovjetistan,Erika Fatland,,9788248914853,2014
Mens Alle Andre Kysser,Camilla Wandahl,,9788763850346,2017
Homecoming,Christie Golden,,9780743467544,2003
"Det Er Dine Øyne Jeg Ser: Om Forbrytelse, Straff Og Forsoning",Knut Storberget,,9788203293269,2012
21 tanker for det 21. århundre,Yuval Noah Harari,,9788202586997,2018
The Stalker,Bill Pronzini,,9781612321042,2011
Sapiens: en kort historie om menneskeheten,Yuval Noah Harari,,9788280878021,2017
Exphil før eksamen,Arne Strand & Are Lervik,,9788202444815,2014
I All Evighet - Del 2,Unknown,,,2020
I All Evighet - Del 1,Unknown,,,2020
Mellom to Verdener,Kathleen Grissom,,9788202528546,2016
Slottets siste hemmelighet,Santa Montefiore,,9788283131536,2017
Deverillslottets døtre,Santa Montefiore,,9788283131475,2016
De Som Dreper Drømmer Sover Aldri,Jan Guillou,,9788241917400,2018
Hviskeren,Karin Fossum,,9788202529130,2012
Hva er det med mor,Vigdis Hjorth,,9788202188658,2000
A Beautiful Composition of Broken,r.h. Sin,"azw3, epub",,2017
1984,George Orwell,"azw3, epub",9780547249643,1983
1984 (Nineteen Eighty-Four) with Quoates,George Orwell,"azw3, epub",,2021
The Awakening,Caroline Peckham & Susanne Valenti,"azw3, epub",9781914425028,2019
Fated Throne,Caroline Peckham & Valenti,"azw3, epub",9781914425080,2021
Zodiac Academy 8: Sorrow and Starlight,Caroline Peckham & Susanne Valenti,"azw3, epub",,2022
You Are Not Who You Think You Are: Poems that can awaken you,Sarfraz Zaidi MD,"azw3, epub",,2015
You: A Novel,Caroline Kepnes,"azw3, epub",147113735X,2014
Wreckage,Emily Bleeker,"azw3, epub",,2015
Whisper of Witches (The Whisper of Witches series Book 1),Nikita Rogers,"azw3, epub",,2021
Whiskey Words & a Shovel III: 3,r.h. Sin,"azw3, epub",,2017
Whiskey Words & a Shovel II: 2,r.h. Sin,"azw3, epub",,2016
What Really Happened in Peru (The Bane Chronicles ),Cassandra Clare & Sarah Rees Brennan,"azw3, epub",9781442494787,2013
"We Should Hang Out Sometime: Embarrassingly, a true story",Josh Sundquist,"azw3, epub",,2014
Women Who Run With the Wolves: Myths and Stories of the Wild Woman Archetype,Clarissa Pinkola Estes,"azw3, epub",,2017
Warlock of Muscovy (Sun War Trilogy),Brien Feathers,"azw3, epub",,2023
Uncaged Wallflower,Jennae Cecelia,"azw3, epub",,2016
"Winter of the World (The Century Trilogy, Book 2)",Ken Follett,"azw3, epub",,2012
Ugly Love: A Novel,Colleen Hoover,"azw3, epub",,2014
Tusen strålende soler,Khaled Hosseini,epub,,2011
"Truthful Art, The (Voices That Matter)",Alberto Cairo,"azw3, epub",,2016
Top Ten Clues You're Clueless,Liz Czukas,"azw3, epub",,2014
Tragic Kingdoms: The Dark & The Damned - Novel One,Kell Frillman,"azw3, epub",,2023
Tower of Dawn (Throne of Glass),Sarah J. Maas,"azw3, epub",1639731040,2017
Throne of Glass: 1,Sarah J. Maas,"azw3, epub",9781408832332,2012
"Those Who Leave and Those Who Stay: Neapolitan Novels, Book Three",Elena Ferrante,"azw3, epub",,2014
This Is Me Letting You Go,Heidi Priebe,"azw3, epub",,2016
Tollak Til Ingeborg,Tore Renberg,epub,9788202645625,2020
Thirteen Reasons Why,Jay Asher,"azw3, epub",,2011
"This Woven Kingdom: the brand new YA fantasy romance series from the author of TikTok Made Me Buy It sensation, Shatter Me (This Woven Kingdom)",Tahereh Mafi,"azw3, epub",,2022
The Umbra King (Vincula Realm Book 1),Jamie Applegate Hunter,"azw3, epub",9781959285526,2022
The Tragedy of Romeo and Juliet (Illustrated),William Shakespeare,"azw3, epub",,2014
The Summer of Broken Rules,K. L. Walther,"azw3, epub",9781728210308,2021
The Storm King: An Enemies to Lovers Fantasy Romance,Sara Sellers,"azw3, epub",,2023
The Stars Plot Revenge (The Fallasingha Chronicles Book 1),L.J Kerry,"azw3, epub",,2022
"The Story of the Lost Child: Neapolitan Novels, Book Four",Elena Ferrante,"azw3, epub",,2015
The Story of a New Name (Neapolitan Novels Book 2),Elena Ferrante,"azw3, epub",,2013
The Shield of Hope: Book One (The Cursed Fates 1),Anna Lynn Hammar,"azw3, epub",,2022
The Secret History (Vintage Contemporaries),Donna Tartt,"azw3, epub",1400031702,2011
The Sea of Zemira: An Epic Fantasy Romance (The Zemiran Chronicles Book 1),D.L. Blade,"azw3, epub",,2023
The Secret Commonwealth: The Book of Dust Volume Two (Book of Dust 2),Philip Pullman,"azw3, epub",9780241373361,2019
The Sapphire Oath (The Nimra World Book 1),Melanie Davies,"azw3, epub",9798776342301,2022
The School for German Brides,Aimie K. Runyan,"azw3, epub",,2022
The Reluctant Witch: Year One (Santa Cruz Witch Academy Book 1),Kristen S. Walker,"azw3, epub",,2020
The Stand,Stephen King,"azw3, epub",,2008
The Risk (Mindf*ck Series #1),S.T. Abby,mobi,,2016
"The PARA Method: Simplify, Organize, and Master Your Digital Life",Tiago Forte,"azw3, epub",,2023
The Notebook: The love story to end all love stories (Calhoun Family Saga),Nicholas Sparks,"azw3, epub",,2011
The Mortal Instruments 6: City of Heavenly Fire,Cassandra Clare,"azw3, epub",9781406355062,2014
"The Maze Runner (The Maze Runner, Book 1)",James Dashner,"azw3, epub",9780375893773,2009
The Mark of Athena (Heroes of Olympus Book 3) (Heroes Of Olympus Series),Rick Riordan,"azw3, epub",9780141967561,2012
The London Séance Society,Sarah Penner,"azw3, epub",,2023
The Last Time I'll Write About You,Dawn Lanuza,"azw3, epub",,2016
The Kubernetes Book: 2024 Edition,Nigel Poulton,"azw3, epub",,2017
"The Outlander Series Bundle: Books 1, 2, 3, and 4 (Outlander Bundle)",Diana Gabaldon,"azw3, epub",,2015
The Jane Austen Society: The internationally bestselling debut that has won readers' hearts in 2021,Natalie Jenner,"azw3, epub",9781409194132,2020
"The Kane Chronicles: The Complete Series (Books 1, 2, 3)",Rick Riordan,"azw3, epub",9780141352039,2013
The Hunter: Tales of Pern Coen,Hannah E Carey,"azw3, epub",,2020
"The Outlander Series Bundle: Books 5, 6, 7, and 8 (Outlander Bundle)",Diana Gabaldon,"azw3, epub",,2015
The Hungry Student Vegetarian Cookbook,Charlotte Pike,"azw3, epub",,2013
The Governess Gamble (The Duchess Society Book 7),Tracy Sumner,"azw3, epub",,2022
The Foxhole Court (All for the Game Book 1),Nora Sakavic,"azw3, epub",,2013
"The House of Hades (The Heros of Olympus, Book 4)",Rick Riordan,"azw3, epub",,2013
The Devil on the Doorstep: My Escape From a Satanic Sex Cult,Annabelle Forest,"azw3, epub",9781471136696,2014
"The Dream Thieves (The Raven Cycle, Book 2)",Maggie Stiefvater,"azw3, epub",,2013
"The Complete Works of William Shakespeare (37 plays, 160 sonnets and 5 Poetry Books With Active Table of Contents)",William Shakespeare,"azw3, epub",,2014
The Chaos of Longing,K. Y. Robinson,"azw3, epub",,2016
The Butterfly Garden (The Collector Book 1),Dot Hutchison,"azw3, epub",9781503934719,2016
The Blood of Olympus (Heroes of Olympus Book 5) (Heroes Of Olympus Series),Rick Riordan,"azw3, epub",9780141339238,2014
The Ballad of Songbirds and Snakes (A Hunger Games Novel),Suzanne Collins,"azw3, epub",9780702309519,2020
Teen Angst? Naaah . . .,Ned Vizzini,"azw3, epub",9780307815545,2012
The Air He Breathes,Brittainy Cherry,"azw3, epub",,2015
Stuff I've Been Feeling Lately,Alicia Cook,"azw3, epub",,2017
"Stubborn Spark (Wild Scots, #5)",Jolie Vines,"azw3, epub",,2020
Spis deg fri med Bright line eating,Susan Peirce Thompson,epub,9788299961424,2017
"Short Stories From Hogwarts of Heroism, Hardship and Dangerous Hobbies",J. K. Rowling,"azw3, epub",9781781106280,2016
Side Effects May Vary,Julie Murphy,"azw3, epub",,2014
Siege and Storm (The Shadow and Bone Trilogy Book 2),Leigh Bardugo,"azw3, epub",,2013
salt.,nayyirah waheed,mobi,,2013
Revenant: A Dark Paranormal Romance For Adults (The War of Blood and Roses Book 1),R. Valentine,mobi,,2018
Shadow and Bone (The Shadow and Bone Trilogy Book 1),Leigh Bardugo,"azw3, epub",805094598,2012
Refuse to Be Done: How to Write and Rewrite a Novel in Three Drafts,Matt Bell,"azw3, epub",,2022
Realm of Lore and Lies,Claire Wright,"azw3, epub",,2022
"Read This If: A Collection of Essays that Prove Someone Else Gets it, Too",Thought Catalog,"azw3, epub",,2016
Ravnens vinger,Margit Sandemo,epub,978-82-516-7977-0,2014
Redeeming Love,Francine Rivers,"azw3, epub",,2009
Reconstructing Amelia: A Novel,Kimberly McCreight,"azw3, epub",,2013
Queen of Roses: A Dark Fae Fantasy Romance (Blood of a Fae Book 1),Briar Boleyn,"azw3, epub",,2023
PYTHON LANGUAGE BASIC PROGRAMS: Programming for Beginners | Data Science Handbook | Engineering and Statistics,K A Alexandra,"azw3, epub",,2023
Python for Machine Learning: A Practical Guide,Blaise Yonga,"azw3, epub",,2023
Przewalskis hest,Maja Lunde,epub,9788203365157,2019
Praise (Salacious Players' Club),Sara Cate,"azw3, epub",,2022
"Perfect Storm (Wild Scots, #2)",Jolie Vines,"azw3, epub",,2020
Orange Is the New Black: My Year in a Women's Prison,Piper Kerman,"azw3, epub",9780385530262,2010
Of Secrets and Beginnings (Beginnings and Endings Series Book 1),Ashlyn Rudd,"azw3, epub",,2023
Melody of Darkness (Spartan Academy Book 1),Redd Mercury,"azw3, epub",,2020
Minutes to Kill (Scarlet Falls),Melinda Leigh,"azw3, epub",,2015
Meatless: More Than 200 of the Very Best Vegetarian Recipes,Martha Stewart Living,"azw3, epub",9780307954572,2013
Mammas svik,Anne-Britt Harsem,epub,9788282810623,2012
Lord of the Flies,William Golding,"azw3, epub",,1959
Make Up (Enhanced Edition),Michelle Phan,mobi,9780804137355,2014
"Lion Heart (Wild Scots, #3)",Jolie Vines,"azw3, epub",,2020
Learning to Disagree,John D. Inazu,"azw3, epub",,2024
Life After Death: A Faerie Tale (Faerie Tales Book 1),T.R. Sharrow,mobi,,2023
Kiss of War: An Enemies-to-Lovers Romance (City of Stars Book 1),Clara Elroy,"azw3, epub",9786188533806,2021
Kings of Chaos: A Dark Romance (Dirty Broken Savages Book 1),Eva Ashwood,"azw3, epub",,2021
Kjærlighetsmønster,"Mathiesen, Anniken Lien",epub,978-82-03-37630-6,2021
La Belle Sauvage: The Book of Dust Volume One (Book of Dust Series),Philip Pullman,"azw3, epub",9780241365854,2017
Kingdom of Ash (Throne of Glass),Sarah J. Maas,"azw3, epub",9781526660893,2018
Jane Eyre (AmazonClassics Edition),Charlotte Brontë,"azw3, epub",9781542097574,2017
Ice Planet Barbarians,Ruby Dixon,"azw3, epub",,2015
I Wrote This For You,Iain S. Thomas & Jon Ellis,"azw3, epub",,2011
I hope this reaches her in time,r.h. Sin,"azw3, epub",,2017
How to Take Smart Notes in Obsidian,Joshua Duffney,"azw3, epub",,2022
I et hus i Alvdal – Eldstesønnens historie,Anne-Britt Harsem,epub,9788282810791,2015
"How to Take Smart Notes in Obsidian Beginner to Advance Techniques: Templates, Tagging, Folding, Embedding, digital Zettelkasten and Mind Mapping with Canvas Plugin",Fiola Publishing,mobi,,2023
How to Ruin Everything,George Watsky,"azw3, epub",,2016
House of Sky and Breath (Crescent City),Sarah J. Maas,"azw3, epub",9781408884423,2022
House of Flame and Shadow (Crescent City),Sarah J. Maas,"azw3, epub",9781408884447,2024
Hooked: Peter Pan falls for Captain Hook's daughter,M.C. Frank,"azw3, epub",,2023
House of Earth and Blood (Crescent City),Sarah J. Maas,"azw3, epub",9781635574043,2020
Hogwarts: An Incomplete and Unreliable Guide,J. K. Rowling,"azw3, epub",9781781106273,2016
Hope: A Memoir of Survival in Cleveland,Amanda Berry & Gina DeJesus & Mary Jordan & Kevin Sullivan,"azw3, epub",,2015
Heroines of Olympus,River Bennet,"azw3, epub",,2023
History of Wolves,Emily Fridlund,"azw3, epub",9780802189776,2017
Heroes of Olympus: The Son of Neptune (Heroes Of Olympus Series Book 2),Rick Riordan,"azw3, epub",9780141967554,2011
Heroes of Olympus: The Lost Hero: 1 (Heroes Of Olympus Series),Rick Riordan,"azw3, epub",9780141965550,2010
Her Favorite Color Was Yellow,Edgar Holmes,"azw3, epub",,2017
His Dark Materials: The Complete Collection,Philip Pullman,"azw3, epub",9781448197705,2015
Heretics of Dune,Frank Herbert,"azw3, epub",,1987
Heir of Fire (Throne of Glass Book 3),Sarah J. Maas,"azw3, epub",9781408839126,2014
Harry Potter and the Philosopher's Stone,J. K. Rowling,"azw3, epub",9780747532699,1997
Harry Potter & the Halfblood Prince Delu,J. K. Rowling,"azw3, epub",,2005
Harry Potter and the Order of the Phoenix,Bloomsbury & J. K. Rowling,"azw3, epub",9780747569374,2003
"Hard Nox (Wild Scots, #1)",Jolie Vines,"azw3, epub",,2019
Grimm's Fairy Tales Illustrated: 200 tales with 50 illustrations,Jacob Grimm & Wilhelm Grimm,mobi,,2011
Harry Potter and the Chamber of Secrets,J. K. Rowling,"azw3, epub",9781408845653,1998
Gone Girl,Gillian Flynn,"azw3, epub",9780297859406,2012
Harry Potter and the Deathly Hallows (Book 7) by J. K. Rowling,J. K. Rowling,"azw3, epub",,2007
God Emperor of Dune,Frank Herbert,"azw3, epub",,2008
"Girl, Interrupted",Susanna Kaysen,"azw3, epub",9780804151115,2013
Girl Online,Zoe Sugg (aka Zoella),"azw3, epub",9780141357287,2014
Glass and Bone (The Diadem Book 1),Celaena Cuico,mobi,,2023
Get Well Soon,Julie Halpern,"azw3, epub",,2009
For When She's Feeling Blue,Edgar Holmes,"azw3, epub",,2018
For The Broken,Shenaia Lucas,"azw3, epub",,2017
For Mist and Tar (Alchemight Duology Book 1),Jinapher J. Hoffman,"azw3, epub",,2022
First to Fall: A Friends to Lovers Historical Romance (Bartholomew series Book 1),Laney Hatcher,"azw3, epub",,2022
Frihetens øyeblikk,Abida Raja,epub,9788272017605,2022
Go Tell the Bees that I am Gone (Outlander),Diana Gabaldon,"azw3, epub",9781473519008,2021
Fire On Fire: A Historic Fantasy Romance,Kyrstie Nickles,"azw3, epub",,2023
"Fallen Snow (Wild Scots, #4)",Jolie Vines,"azw3, epub",,2020
Et streif av ømhet,Margit Sandemo,epub,978-82-516-9291-5,2015
Fire and Blood: The inspiration for 2022's highly anticipated HBO and Sky TV series HOUSE OF THE DRAGON from the internationally bestselling creator of ... GAME OF THRONES (A Song of Ice and Fire),George R.R. Martin,"azw3, epub",9780008402785,2018
Edgar Allan Poe: Complete Tales and Poems,Edgar Allan Poe & Maplewood Books,mobi,,2014
Empire of Storms (Throne of Glass),Sarah J. Maas,"azw3, epub",9781408872901,2016
Dream Psychology Psychoanalysis for Beginners,Sigmund Freud,"azw3, epub",,2012
Drannor: Dark Forest Dryad Book 4,Sapphire Lebesque,"azw3, epub",,2023
Djevlekløften,Margit Sandemo,epub,978-82-516-7978-7,2014
Dune,Frank Herbert,"azw3, epub",,2003
"Divergent (Divergent Trilogy, Book 1)",Veronica Roth,"azw3, epub",9780062024039,2011
Dipped In Holly,Dana Isaly,"azw3, epub",9798227980885,2021
Disenchanted: Ruinous Reign: Book One,Brianna Sugalski,"azw3, epub",9798218071769,2022
Den onde dagen,Margit Sandemo,epub,978-82-516-9292-2,2015
Demonen og jomfruen,Margit Sandemo,epub,978-82-516-7979-4,2014
Daisy Jones and The Six,Taylor Jenkins Reid,"azw3, epub",9781473559707,2019
Crown of Midnight: 2 (Throne of Glass),Sarah J. Maas,"azw3, epub",9781408834947,2013
Crooked Kingdom (Six of Crows),Leigh Bardugo,"azw3, epub",9781627797917,2016
Crazy Little Thing (A Bell Harbor Novel),Tracy Brogan,"azw3, epub",,2012
CLASSICS BOOKSTORE BEFORE WE WERE YOURS (LISA WINGATE): ILLUSTRATED,BY LISA WINGATE (AUTHOR),"azw3, epub",,2023
Claimed by my Immortal Elf: A Forbidden Love and Age Gap Contemporary Fantasy Romance (Elves Among Us: Forbidden Love Book 1),L. E. Sunwick,"azw3, epub",,2023
Claimed By Cupid (Nick and Holly Book 2),Dana Isaly,"azw3, epub",,2022
Court of Sun: A Dark Fantasy Romance (Promethean Fae Book 1),K.M. Mixon,"azw3, epub",,2023
City of Lost Souls (The Mortal Instruments Book 5),Cassandra Clare,"azw3, epub",,2012
City of Glass (The Mortal Instruments Book 3),Cassandra Clare,"azw3, epub",,2009
City of Fallen Angels (The Mortal Instruments Book 4),Cassandra Clare,"azw3, epub",,2011
Chasing Love: A Best Friends Brother Romance (Dark Love Series Book 1),Kat T.Masen,"azw3, epub",,2020
Chapterhouse: Dune,Frank Herbert,"azw3, epub",,1987
Captive Prince: Book One of the Captive Prince Trilogy,C. S. Pacat,"azw3, epub",,2014
Call the Midwife: Shadows of the Workhouse,Jennifer Worth,"azw3, epub",,2013
Call Me by Your Name,André Aciman,"azw3, epub",,2008
Burn The Fairy Tales,Adeline Whitmore,"azw3, epub",,2017
"Call the Midwife: A Memoir of Birth, Joy, and Hard Times (The Midwife Trilogy Book 1)",Jennifer Worth,"azw3, epub",9781101614402,2012
Bright Minds Empty Souls,Jennae Cecelia,"azw3, epub",,2016
Burnout,Emily Nagoski & Amelia Nagoski,"azw3, epub",9781473561267,2019
Brev til min datter,Anne-Britt Harsem,epub,9788282810630,2013
Bleeding Hearts (Poison Garden Book 2),Jennifer Allis Provost,"azw3, epub",,2022
Bridgerton: 1 (Bridgertons),Julia Quinn,"azw3, epub",9780063142121,2015
Bitten by Time: A Steamy Dracula Myth Retelling (The Vampire Genesis Chronicles Book 1),Lara Bronson,mobi,,2023
Birøkterens datter,Santa Montefiore,epub,9788283130898,2015
Black Wings (A Black Wings Novel Book 1),Christina Henry,mobi,,2010
becoming.,Renaada Williams,"azw3, epub",,2017
Because You're Mine: A Forbidden Romance (Sins & Deceit),Claire Contreras,"azw3, epub",9780999584453,2018
Because I Need You: An Arranged Marriage Mafia Romance (Because Series),Claire Contreras,"azw3, epub",9780999444863,2022
"Beaches, Bungalows, & Burglaries",Tonya Kappes,"azw3, epub",,2018
Attached,Amir Levine & Rachel Heller,"azw3, epub",,2010
Always Your Love: A Gothic Regency Romance,Ellie St. Clair,"azw3, epub",,2021
All The Reminders You Need To Get You Through Anything In Life,Thought Catalog,"azw3, epub",,2016
Asking For It,Louise O'Neill,"azw3, epub",9781848668201,2015
Ash and Snow: The Curse of the White Throne (Cursed Kingdoms Book 1),Silvana G. Sánchez,"azw3, epub",,2022
All I Know Now: Wonderings and Reflections on Growing Up Gracefully,Carrie Hope Fletcher,"azw3, epub",9780751557527,2015
All Fall Down: Book 1 (Embassy Row),Ally Carter,"azw3, epub",,2015
All the Light We Cannot See: The Breathtaking World Wide Bestseller,Anthony Doerr,"azw3, epub",1476746583,2014
Albertine,"Krogh, Christian",epub,9788241909511,2013
A Short History of Greek Philosophy,John Marshall,mobi,,2012
Alias Grace,Margaret Atwood,"azw3, epub",,2011
A Road Back from Schizophrenia: A Memoir,Arnhild Lauveng,"azw3, epub",9781616088712,2012
A Series of Unfortunate Events Complete Collection: Books 1-13,Lemony Snicket,"azw3, epub",,2011
A Deal with the Earl (Necessary Arrangements Book 1),Sadie Bosque,"azw3, epub",,2021
A Court of Thorns and Roses: 1,Sarah J. Maas,"azw3, epub",,2015
A Court of Silver Flames (A Court of Thorns and Roses),Sarah J. Maas,"azw3, epub",9781526602312,2021
A Court of Mist and Fury: 2 (A Court of Thorns and Roses),Sarah J. Maas,"azw3, epub",9781635575583,2016
"A Dance with Dragons (A Song of Ice and Fire, Book 5)",George R. R. Martin,"azw3, epub",,2011
A Christmas Carol (AmazonClassics Edition),Charles Dickens,"azw3, epub",9781542097468,2017
A Beautiful Mess,Pyrokardia,"azw3, epub",,2016
"A Clash of Kings (A Song of Ice and Fire, Book 2)",George R. R. Martin,"azw3, epub",,2003
Verity,Colleen Hoover,"azw3, epub",153872474X,2018
the three o'clock in the morning sessions,Angie Martin,"azw3, epub",9781513022970,2014
The Star and the Shamrock,Jean Grainger,"azw3, epub",9798756160000,2019
the princess saves herself in this one,Amanda Lovelace,"azw3, epub",9781449486419,2016
The Perks of Being a Wallflower,Stephen Chbosky,"azw3, epub",9781847394071,1999
The Phoenix Crown,Janie Chang & Kate Quinn,"azw3, epub",63304732,2023
The Nightingale,Kristin Hannah,"azw3, epub",312577222,2015
The Fault in Our Stars,John Green,"azw3, epub",9789710871964,2012
Stille før stormen,Margit Sandemo,epub,978-82-516-7999-2,2015
Søsterklokkene,Lars Mytting,epub,9788205514003,2018
Sofies Verden,Jostein Gaarder,epub,9788203240256,1993
Skitten snø,Mahmona Khan,epub,9788203253430,2011
"Secrets for the Mad: Obsessions, Confessions and Life Lessons",dodie,"azw3, epub",9781785036804,2017
Paper Towns,John Green,"azw3, epub",9780142414934,2008
On Liberty,John Stuart Mill,mobi,9780758337245,1859
Orphan Train,Christina Baker Kline,"azw3, epub",9780061950728,2013
Normal People,Sally Rooney,"azw3, epub",9781984822185,2018
Mrs. Dalloway by Virginia Woolf,Virginia Woolf,"azw3, epub",9781668506509,2021
Looking for Alaska,John Green,"azw3, epub",9781435249158,2005
Legenden om Marco,Margit Sandemo,epub,978-82-516-9293-9,2015
Little Women,Louisa May Alcott,"azw3, epub",9780191605505,1868
Happily (N)ever After: Essays That Will Heal Your Broken Heart,Thought Catalog,"azw3, epub",,2016
Er det noen der ute?,Margit Sandemo,epub,978-82-516-9295-3,2015
Eleanor & Park,Rainbow Rowell,"azw3, epub",9781250012579,2012
Det vi ikke sa,"Isabel Raad, Ahlam Khalil, Hanne Aardal",epub,9788242978691,2023
Det svarte vannet,Margit Sandemo,epub,978-82-516-9294-6,2015
Demonenes fjell,Margit Sandemo,epub,978-82-516-7998-5,2015
Credence,Penelope Douglas,"azw3, epub",9781660089055,2020
Building a Second Brain,Tiago Forte,"azw3, epub",9781800812215,2022
Blodige strender,Jon Michelet,epub,9788249515622,2015
Mormor danset i regnet,Trude Teige,,9788203359309,2015
Omstart 30,Berit Nordstrand,epub,9788205522237,2020
Programming with MicroPython,Nicholas H. Tollervey,epub,,2017
MicroPython for the Internet of Things: A Beginner's Guide to Programming With Python on Microcontrollers,Charles Bell,epub,9781484298619,2024
MicroPython Cookbook,Marwan Alsabbagh,epub,,2019
A Feast for Crows,George R. R. Martin,aax,9780553582031,2007
Cursed,Marissa Meyer,aax,9782385650322,2023
Cross My Heart,Megan Collins,"azw3, epub",,2025
Skyward,Brandon Sanderson,"azw3, epub",9780399555770,2018
The Rover,Aphra Behn,"azw3, epub",9781443437707,1681
Quicksilver: The Utterly Addictive Enemies-To-Lovers Romantasy Sensation,Callie Hart,"azw3, epub",,2024
Modern Classics to the Lighthouse,Virginia Woolf,"epub, mobi",9780141183411,2000
Onyx Storm,Rebecca Yarros,"azw3, epub",9780349437088,2025
Fourth Wing,Rebecca Yarros,,9781649374042,2023
Samtykket,Vanessa Springora,epub,9788249524440,2021
Ildlandet,Pascal Engman,epub,9788770361859,2018
Anne of Green Gables,L. M. (Lucy Maud) Montgomery,,9781620111468,
The English Patient,Michael Ondaatje,epub,9781408820384,2017
"Illustrated Guide to Advanced Dressmaking & Alteration Learn to Make & Alter Dresses, Skirts, Shirts, Slacks, Add Pockets, Frills, Buttons, Zippers & So Much More",Catherine Morris,epub,9781393102809,2019
"Wear, Repair, Repurpose",Lily Fulop,epub,9781682684351,2020
Peter Pan,J. M. Barrie,epub,9780689830785,1904
The Prince,Niccolo Machiavelli & George Bull & Anthony Grafton,epub,9780140449150,2003
"Narrative of the Life of Frederick Douglass, an American Slave (Signature Classics)",Frederick Douglass,epub,9781435171930,2020
Ouroboros or the Mechanical Extension of Mankind,Garet Garrett,epub,,1926
Don Quixote,Miguel de Cervantes Saavedra,epub,9780241347768,2018
Incidents in the Life of a Slave Girl Written by Herself,Harriet Jacobs,epub,9781987078077,2019
The Odyssey,Homer,epub,9780143039952,2025
Sunrise on the Reaping (B&N Exclusive Edition) (A Hunger Games Novel),Suzanne Collins,epub,9781546175759,2025
All the Young Dudes,Mskingbean89,epub,,2017
Den underjordiske jernbanen,Colson Whitehead,epub,9788248920823,2017
Den grenseløse,Jussi Adler-Olsen,epub,9788203370915,2015
Øyas hemmelighet,"Wilson, Patricia",epub,9788202581336,2018
Stoner,"Williams, John",epub,9788202449308,2014
Washingtondekretet,Jussi Adler-Olsen,epub,9789100137243,2006
Hannah,Nick Alexander,epub,9788283130249,2014
Leelas bok,Alice Albinia,epub,9788203217142,2011
Hannahs reise,Nick Alexander,epub,9788283130874,2013
Bare tiden vil vise,Jeffrey Archer,epub,9788241910302,2011
Etter vinteren,Isabel Allende,epub,9788205514775,2017
Fedrenes Synder,Jeffrey Archer,epub,9788241910876,2012
En godt bevart hemmelighet,Jeffrey Archer,epub,9788241911385,2013
Mektigere enn sverdet,Jeffrey Archer,epub,9788241912627,2015
Ønsk deg ikke for mye,Jeffrey Archer,epub,9788241911163,2015
Elle melle,M. J. Arlidge,epub,9788241910388,2014
Orkanen,Linda Ask-Knutsen,epub,9788230012734,2015
CAFÉ ESTRELLA,Linda Ask-Knutsen,epub,9788230014318,2016
Udødelig,Linda Ask-Knutsen,epub,9788230335154,2017
Sukkerplantasjen,Natalie Baszile,epub,9788282058766,2015
Jenta Som Dykket Inn I Jordas Indre,Sabina Berman,epub,9788203214493,2010
Uten et ord,Linwood Barclay,epub,978-82-8211-256-7,2013
Gutten som elsket rådyr,"Bjørk, Samuel",epub,9788241915048,2018
Uglen,Samuel Bjørk,epub,9788241911958,2015
House of Cards,Michael Dobbs,epub,9788248916307,1989
Ragnarok,Tom Egeland,epub,9788203197635,1988
Glassvinge,Katrine Engberg,epub,9788293671251,2019
Beatles,Lars Saabye Christensen,epub,9788202302788,1984
Byens Spor: Ewald Og Maj,Lars Saabye Christensen,epub,9788202571986,2017
Blodmåne,Katrine Engberg,epub,9788284150444,2020
Blodtåke,Thomas Enger,epub,9788205429314,2013
Våpenskjold,Thomas Enger,epub,9788205429635,2014
Kråkejenta,Jerker Eriksson & Håkan Sundquist,epub,9788282601412,2012
Banesår,Thomas Enger,epub,9788205484160,2015
Hungerilden,Eriksson & Sundquist,epub,9788282603324,2012
Pythias Anvisninger,Eriksson & Sundquist,epub,9788282603331,2013
Havets katedral,Ildefonso Falcones,epub,9788280875389,2012
Vinterland,Kim Faber & Janni Pedersen,epub,9788740050233,2019
Mi briljante venninne,Elena Ferrante,epub,9788252188288,
Dancing Into Battle,Julian Fellowes,epub,9781455541171,2016
Tysteren,Jan-Erik Fjell,epub,9788282051361,2011
St. Petersburgs juvel,Kate Furnivall,epub,978-82-8211-239-0,2011
Der frihet rår,Ken Follett,epub,9788202354831,
Bare en ond handling,Elizabeth George,epub,9788279007517,2015
Når isen brister,Camilla Grebe,epub,978-82-05-49278-3,2016
Husdyret,Camilla Grebe,epub,978-82-05-51184-2,2018
Brobyggerne,"Guillou, Jan",epub,9788281433908,2011
Mellom rødt og svart,"Guillou, Jan",epub,9788241910029,2013
Ikke ville se,"Guillou, Jan",epub,9788241910883,2014
Arvingen,"Grisham, John",epub,9788202494803,2015
Varsleren,"Grisham, John",epub,9788202582418,2018
Ekte amerikanske jeans,"Guillou, Jan",epub,9788241913136,2016
Jeg er Pilegrim,Terry Hayes,epub,9788280876720,2014
Veien over klippene,Gøril Emilie Hellen,epub,9788205471054,2014
Soloppgang,Victoria Hislop,epub,978-82-516-8501-6,2014
Dødens disippel,Hjorth_Rosenfeldt,epub,978-82-03-21776-0,2016
Mannen som ikke var morder,"Rosenfeldt, Hjorth",epub,978-82-03-21591-9,2016
Fjellgraven,HjortRosenfeldt,epub,978-82-03-21918-4,2013
CeeCee Honeycutts reddende engler,Beth Hoffman,epub,9788205432079,2011
Antikvitetshandleren i Charleston,Beth Hoffman,epub,9788205457188,2013
Den stumme jenta,"Rosenfeldt, Hjort",epub,978-82-03-37099-1,2015
Pengemannen,"Holt, Anne",epub,9788281433120,2013
Nøkkelvitnet,Jørn Lier Horst,epub,9788205445260,2004
En grav for to,Anne Holt,epub,978-82-05-51751-6,2018
Felicia forsvant,Jørn Lier Horst,epub,978-82-05-40173-0,2005
Den eneste ene,Jørn Lier Horst,epub,978-82-05-40175-4,2007
Når havet stilner,Jørn Lier Horst,epub,9788205445253,2006
Når det mørkner,Jørn Lier Horst,epub,978-82-05-49798-6,2016
Nullpunkt,Jørn Lier Horst & Thomas Enger,epub,978-82-93671-07-7,2018
Katharina-koden,Jørn Lier Horst,epub,978-82-05-50565-0,2017
Til vi ses igjen,"Jefferies, Dinah",epub,9788241910265,2014
Den savnede søsteren,Dinah Jefferies,epub,978-82-419-5157-2,2020
Wienerbrorskapet,"Johnsrud, Ingar",epub,978-82-03-35913-2,2015
Huset på stranden,"Jio, Sarah",epub,9788202410537,2013
Kalypso,"Johnsrud, Ingar",epub,978-82-03-36147-0,2016
Skyggejakten,Jørgen Jæger,epub,9788282051507,2003
Morgengry,"Jio, Sarah",epub,9788202447953,2014
Korset,"Johnsrud, Ingar",epub,978-82-03-36342-9,2018
Bursdagsgaven,Sue Monk Kidd,epub,978-82-05-46052-2,2014
Stalker,"Kepler, Lars",epub,9788202476922,2014
Profitøren,"Kristensen, Tom",epub,978-82-03-19669-0,2005
Sushi for nybegynnere,"Keyes, Marian",epub,9788202454685,2003
Alex,"Lemaitre, Pierre",epub,978-82-03-37001-4,2015
Pandora,"Kristensen, Tom",epub,978-82-03-36151-7,2016
Det som ikke dreper oss,David Lagercrantz,epub,978-82-05-48306-4,2015
Bienes historie,"Lunde, Maja",epub,978-82-03-35983-5,2015
Blå,"Lunde, Maja",epub,978-82-03-36278-1,2017
Bryllupsbiene,Sarah-Kate Lynch,epub,9788282056649,2014
Løvetemmeren,Camilla Läckberg,epub,978-82-05-46133-8,2015
Gullburet,Camilla Läckberg,epub,978-82-05-52115-5,2019
Jernblod,"Marklund, Liza",epub,,2015
Venneforespørsel,"Marshall, Laura",epub,9788241919121,2018
Ild i tørt gress,"Mayhew, Anna Jean",epub,9788202584597,2017
En sjøens helt. Blodige strender,Jon Michelet,epub,9788249516193,2015
Sommerpaviljongen,Santa Montefiore,epub,9788283130362,2014
Valentinas siste reise,Santa Montefiore,epub,9788283131161,2016
Hagen i Hartington,Santa Montefiore,epub,9788283130737,2015
Gracies hemmelighet,Santa Montefiore,epub,978-82-8313-170-3,2018
Ild & blod,"Martin, George R.R.",epub,9788205518537,2018
Etter deg,Jojo Moyes,epub,978-82-8313-088-1,2015
Fremdeles meg,Jojo Moyes,epub,978-82-8313-161-1,2017
Jenta som ble igjen,Jojo Moyes,epub,978-82-8313-178-9,2018
Over horisonten,Jojo Moyes,epub,978-82-83132-38-0,2019
Stormen og stillheten,Miriam Neegaard,epub,9788282058032,2014
Svøm med dem som drukner,Lars Mytting,epub,9788205422469,2014
Blod på snø,"Nesbø, Jo",epub,978-82-03-35914-9,2015
Mere blod,"Nesbø, Jo",epub,978-82-03-35960-6,2015
Menneske uten hund,"Nesser, Håkan",epub,9788281433298,2010
En helt annen historie,"Nesser, Håkan",epub,9788281433304,2008
Beretningen om herr Roos,"Nesser, Håkan",epub,9788281433311,2010
De ensomme,Håkan Nesser,epub,978-82-05-41894-3,2011
Papirgutten,Kristina Ohlsson,epub,9788205457287,2014
Paradisoffer,Kristina Ohlsson,epub,9788205446397,2013
Der krepsene synger,Delia Owens,epub,9788279009979,2019
Lotus blues,Kristina Ohlsson,epub,978-82-05-47914-2,2014
Mios blues,Kristina Ohlsson,epub,978-82-05-47916-6,2015
Satans sommer,"Pedersen, Kim Faber & Janni",epub,978-82-03-26943-1,2021
Vi ses i morgen,Tore Renberg,epub,9788249513215,2013
Jordmoren i haremet,Roberta Rich,epub,9788282057639,2014
Jordmoren fra Venezia,Roberta Rich,epub,9788282053600,2012
Engletreet,"Riley, Lucinda",epub,9788202485665,2015
De syv søstre,"Riley, Lucinda",epub,9788202457273,2014
Jenta på klippen,"Riley, Lucinda",epub,9788202382100,2012
Stormens søster,"Riley, Lucinda",epub,9788202485672,2016
Skyggesøsteren,"Riley, Lucinda",epub,9788202545581,2016
Den italienske jenta,"Riley, Lucinda",epub,9788202437763,2014
Kjærlighetsbrevet,"Riley, Lucinda",epub,9788202567132,2017
Helenas hemmelighet,"Riley, Lucinda",epub,9788202531546,2016
Perlesøsteren,"Riley, Lucinda",epub,9788202578725,2017
Mørke hjerter,Hanne Kristin Rohde,epub,9788248914778,2014
Bare et barn,Hanne Kristin Rohde,epub,9788248916369,2024
Månesøsteren,"Riley, Lucinda",epub,9788202617981,2018
Løgnen,Yrsa Sigurðardóttir,epub,9788248917489,2015
Solsøsteren,"Riley, Lucinda",epub,9788202636258,2020
Eplehagen,"Storberg, Marianne",epub,978-82-03-36062-6,2016
ONKEL TOMS HYTTE,Harriet Beecher Stowe,epub,,2012
De døde,Vidar Sundstøl,epub,978-82-05-40436-6,2009
Drømmenes land,Vidar Sundstøl,epub,978-82-05-40435-9,2008
Den siste pilegrimen,"Sveen, Gard",epub,9788241909047,2013
Helvete åpent,"Sveen, Gard",epub,9788241911545,2015
Sannhet,Peter Temple,epub,9788275475556,
Stjerneskudd,Peter Temple,epub,9788275475679,
Mørk kyst,Peter Temple,epub,9788275475792,
Parfymeorgelet,"Walsø, Margit",epub,9788241916731,2018
Hundre år,Herbjørg Wassmo,epub,978-82-05-41289-7,2009
Det forbudte barnet,Katherine Webb,epub,9788205460836,2014
Italienske netter,Katherine Webb,epub,978-82-05-48128-2,2015
En sjøens helt. Skogsmatrosen,Jon Michelet,epub,9788249510962,2012
En sjøens helt. Skytteren,Jon Michelet,epub,9788249513185,2013
En sjøens helt. Gullgutten,Jon Michelet,epub,9788249514526,2014
Lean UX,Jeff Gothelf & Josh Seiden,epub,,2021